<?xml version="1.0" encoding="UTF-8"?>
<project-private xmlns="http://www.netbeans.org/ns/project-private/1">
    <editor-bookmarks xmlns="http://www.netbeans.org/ns/editor-bookmarks/2" lastBookmarkId="0"/>
    <open-files xmlns="http://www.netbeans.org/ns/projectui-open-files/2">
        <group>
            <file>file:/D:/neemaz/adv%20prog/jdk-16/Algorithm_task6&amp;4/src/algorithm_task6and4/Algorithm_task6and4.java</file>
            <file>file:/D:/neemaz/adv%20prog/jdk-16/Algorithm_task6&amp;4/src/algorithm_task6and4/Pennies_problem.java</file>
            <file>file:/D:/neemaz/adv%20prog/jdk-16/Algorithm_task6&amp;4/src/algorithm_task6and4/TowerOfHanoi.java</file>
        </group>
    </open-files>
</project-private>
